pr	round1	round2	score_r2	final	note
2007	UNCERTAIN	PARTIAL	0.65	DEFERRED	PARTIAL/uncertain; needs per-PR review
2148	PRESENT	-	-	PRESENT	round1 content match >=0.70
2711	PRESENT	-	-	PRESENT	round1 content match >=0.70
2854	UNCERTAIN	PRESENT	0.93	DEFERRED	PARTIAL/uncertain; needs per-PR review
2872	PRESENT	-	-	PRESENT	round1 content match >=0.70
2926	PRESENT	-	-	PRESENT	round1 content match >=0.70
2930	PRESENT	-	-	PRESENT	round1 content match >=0.70
2951	PRESENT	-	-	PRESENT	round1 content match >=0.70
2955	PRESENT	-	-	PRESENT	round1 content match >=0.70
2960	ABSENT	ABSENT	0.00	SKIP	fork validateAPIKeyName rejects <> at input; stricter than upstream html.EscapeString
2961	PRESENT	-	-	PRESENT	round1 content match >=0.70
2970	NO_SIGNAL	PRESENT	1.00	DEFERRED	PARTIAL/uncertain; needs per-PR review
2972	PRESENT	-	-	PRESENT	round1 content match >=0.70
2975	PRESENT	-	-	PRESENT	round1 content match >=0.70
2988	PRESENT	-	-	PRESENT	round1 content match >=0.70
2993	PRESENT	-	-	PRESENT	round1 content match >=0.70
2995	UNCERTAIN	PRESENT	1.00	DEFERRED	PARTIAL/uncertain; needs per-PR review
2997	UNCERTAIN	PRESENT	1.00	DEFERRED	PARTIAL/uncertain; needs per-PR review
2999	PRESENT	-	-	PRESENT	round1 content match >=0.70
3000	PRESENT	-	-	PRESENT	round1 content match >=0.70
3001	NO_SIGNAL	ABSENT	0.00	SUPERSEDED	Go toolchain PR; main already on go1.27.0 - merging would downgrade
3009	PRESENT	-	-	PRESENT	round1 content match >=0.70
3012	PRESENT	-	-	PRESENT	round1 content match >=0.70
3016	PRESENT	-	-	PRESENT	round1 content match >=0.70
3018	PRESENT	-	-	PRESENT	round1 content match >=0.70
3026	PRESENT	-	-	PRESENT	round1 content match >=0.70
3035	PRESENT	-	-	PRESENT	round1 content match >=0.70
3036	PRESENT	-	-	PRESENT	round1 content match >=0.70
3037	PRESENT	-	-	PRESENT	round1 content match >=0.70
3039	PRESENT	-	-	PRESENT	round1 content match >=0.70
3040	PRESENT	-	-	PRESENT	round1 content match >=0.70
3042	PRESENT	-	-	PRESENT	round1 content match >=0.70
3047	UNCERTAIN	PARTIAL	0.71	DEFERRED	PARTIAL/uncertain; needs per-PR review
3051	PRESENT	-	-	PRESENT	round1 content match >=0.70
3052	PRESENT	-	-	PRESENT	round1 content match >=0.70
3056	PRESENT	-	-	PRESENT	round1 content match >=0.70
3062	PRESENT	-	-	PRESENT	round1 content match >=0.70
3065	PRESENT	-	-	PRESENT	round1 content match >=0.70
3069	PRESENT	-	-	PRESENT	round1 content match >=0.70
3075	PRESENT	-	-	PRESENT	round1 content match >=0.70
3078	PRESENT	-	-	PRESENT	round1 content match >=0.70
3083	PRESENT	-	-	PRESENT	round1 content match >=0.70
3094	PRESENT	-	-	PRESENT	round1 content match >=0.70
3097	PRESENT	-	-	PRESENT	round1 content match >=0.70
3104	PRESENT	-	-	PRESENT	round1 content match >=0.70
3107	PRESENT	-	-	PRESENT	round1 content match >=0.70
3113	PRESENT	-	-	PRESENT	round1 content match >=0.70
3132	PRESENT	-	-	PRESENT	round1 content match >=0.70
3140	PRESENT	-	-	PRESENT	round1 content match >=0.70
3154	PRESENT	-	-	PRESENT	round1 content match >=0.70
3155	PRESENT	-	-	PRESENT	round1 content match >=0.70
3173	PRESENT	-	-	PRESENT	round1 content match >=0.70
3176	PRESENT	-	-	PRESENT	round1 content match >=0.70
3178	UNCERTAIN	PRESENT	0.90	DEFERRED	PARTIAL/uncertain; needs per-PR review
3181	PRESENT	-	-	PRESENT	round1 content match >=0.70
3184	PRESENT	-	-	PRESENT	round1 content match >=0.70
3186	PRESENT	-	-	PRESENT	round1 content match >=0.70
3187	ABSENT	PRESENT	1.00	DEFERRED	PARTIAL/uncertain; needs per-PR review
3195	ABSENT	ABSENT	0.20	PRESENT	target symbol already in main (reformulated implementation)
3215	PRESENT	-	-	PRESENT	round1 content match >=0.70
3218	PRESENT	-	-	PRESENT	round1 content match >=0.70
3220	PRESENT	-	-	PRESENT	round1 content match >=0.70
3223	PRESENT	-	-	PRESENT	round1 content match >=0.70
3230	PRESENT	-	-	PRESENT	round1 content match >=0.70
3232	PRESENT	-	-	PRESENT	round1 content match >=0.70
3243	PRESENT	-	-	PRESENT	round1 content match >=0.70
3247	PRESENT	-	-	PRESENT	round1 content match >=0.70
3250	PRESENT	-	-	PRESENT	round1 content match >=0.70
3251	PRESENT	-	-	PRESENT	round1 content match >=0.70
3252	PRESENT	-	-	PRESENT	round1 content match >=0.70
3255	PRESENT	-	-	PRESENT	round1 content match >=0.70
3258	PRESENT	-	-	PRESENT	round1 content match >=0.70
3267	PRESENT	-	-	PRESENT	round1 content match >=0.70
3272	PRESENT	-	-	PRESENT	round1 content match >=0.70
3273	PRESENT	-	-	PRESENT	round1 content match >=0.70
3274	PRESENT	-	-	PRESENT	round1 content match >=0.70
3283	UNCERTAIN	PRESENT	0.93	DEFERRED	PARTIAL/uncertain; needs per-PR review
3299	PRESENT	-	-	PRESENT	round1 content match >=0.70
3306	PRESENT	-	-	PRESENT	round1 content match >=0.70
3308	PRESENT	-	-	PRESENT	round1 content match >=0.70
3310	PRESENT	-	-	PRESENT	round1 content match >=0.70
3312	NO_SIGNAL	PRESENT	1.00	DEFERRED	PARTIAL/uncertain; needs per-PR review
3326	NO_SIGNAL	PRESENT	1.00	DEFERRED	PARTIAL/uncertain; needs per-PR review
3335	ABSENT	ABSENT	0.09	PRESENT	target symbol already in main (reformulated implementation)
3337	PRESENT	-	-	PRESENT	round1 content match >=0.70
3344	PRESENT	-	-	PRESENT	round1 content match >=0.70
3347	PRESENT	-	-	PRESENT	round1 content match >=0.70
3359	PRESENT	-	-	PRESENT	round1 content match >=0.70
3360	PRESENT	-	-	PRESENT	round1 content match >=0.70
3363	PRESENT	-	-	PRESENT	round1 content match >=0.70
3364	NO_SIGNAL	PRESENT	1.00	DEFERRED	PARTIAL/uncertain; needs per-PR review
3369	PRESENT	-	-	PRESENT	round1 content match >=0.70
3371	PRESENT	-	-	PRESENT	round1 content match >=0.70
3374	UNCERTAIN	PRESENT	0.82	DEFERRED	PARTIAL/uncertain; needs per-PR review
3375	UNCERTAIN	PRESENT	1.00	DEFERRED	PARTIAL/uncertain; needs per-PR review
3381	ABSENT	ABSENT	0.23	DEFERRED	images incomplete failover; PARTIAL vs branch tip
3395	NO_SIGNAL	EMPTY_DIFF		DEFERRED	PARTIAL/uncertain; needs per-PR review
3401	PRESENT	-	-	PRESENT	round1 content match >=0.70
3404	PRESENT	-	-	PRESENT	round1 content match >=0.70
3405	ABSENT	ABSENT	0.23	SKIP	fork uses SubscriptionUSDToCNYRate; upstream BalanceRechargeMultiplier would regress CNY conversion
3421	PRESENT	-	-	PRESENT	round1 content match >=0.70
3428	PRESENT	-	-	PRESENT	round1 content match >=0.70
3429	ABSENT	PARTIAL	0.37	DEFERRED	PARTIAL/uncertain; needs per-PR review
3430	PRESENT	-	-	PRESENT	round1 content match >=0.70
3433	PRESENT	-	-	PRESENT	round1 content match >=0.70
3434	PRESENT	-	-	PRESENT	round1 content match >=0.70
3435	PRESENT	-	-	PRESENT	round1 content match >=0.70
3436	PRESENT	-	-	PRESENT	round1 content match >=0.70
3437	PRESENT	-	-	PRESENT	round1 content match >=0.70
3441	PRESENT	-	-	PRESENT	round1 content match >=0.70
3442	PRESENT	-	-	PRESENT	round1 content match >=0.70
3457	UNCERTAIN	PARTIAL	0.57	DEFERRED	PARTIAL/uncertain; needs per-PR review
3460	PRESENT	-	-	PRESENT	round1 content match >=0.70
3467	PRESENT	-	-	PRESENT	round1 content match >=0.70
3469	UNCERTAIN	PRESENT	1.00	DEFERRED	PARTIAL/uncertain; needs per-PR review
3470	PRESENT	-	-	PRESENT	round1 content match >=0.70
3471	PRESENT	-	-	PRESENT	round1 content match >=0.70
3473	PRESENT	-	-	PRESENT	round1 content match >=0.70
3476	PRESENT	-	-	PRESENT	round1 content match >=0.70
3481	PRESENT	-	-	PRESENT	round1 content match >=0.70
3482	PRESENT	-	-	PRESENT	round1 content match >=0.70
3484	PRESENT	-	-	PRESENT	round1 content match >=0.70
3487	UNCERTAIN	PRESENT	0.83	DEFERRED	PARTIAL/uncertain; needs per-PR review
3489	PRESENT	-	-	PRESENT	round1 content match >=0.70
3490	PRESENT	-	-	PRESENT	round1 content match >=0.70
3494	NO_SIGNAL	PRESENT	1.00	DEFERRED	PARTIAL/uncertain; needs per-PR review
3495	PRESENT	-	-	PRESENT	round1 content match >=0.70
3497	PRESENT	-	-	PRESENT	round1 content match >=0.70
3498	PRESENT	-	-	PRESENT	round1 content match >=0.70
3509	PRESENT	-	-	PRESENT	round1 content match >=0.70
3510	PRESENT	-	-	PRESENT	round1 content match >=0.70
3515	PRESENT	-	-	PRESENT	round1 content match >=0.70
3517	PRESENT	-	-	PRESENT	round1 content match >=0.70
3532	UNCERTAIN	PARTIAL	0.39	DEFERRED	PARTIAL/uncertain; needs per-PR review
3533	PRESENT	-	-	PRESENT	round1 content match >=0.70
3534	PRESENT	-	-	PRESENT	round1 content match >=0.70
3546	UNCERTAIN	PRESENT	0.91	DEFERRED	PARTIAL/uncertain; needs per-PR review
3548	PRESENT	-	-	PRESENT	round1 content match >=0.70
3549	PRESENT	-	-	PRESENT	round1 content match >=0.70
3558	PRESENT	-	-	PRESENT	round1 content match >=0.70
3559	PRESENT	-	-	PRESENT	round1 content match >=0.70
3560	PRESENT	-	-	PRESENT	round1 content match >=0.70
3565	PRESENT	-	-	PRESENT	round1 content match >=0.70
3568	PRESENT	-	-	PRESENT	round1 content match >=0.70
3569	PRESENT	-	-	PRESENT	round1 content match >=0.70
3577	PRESENT	-	-	PRESENT	round1 content match >=0.70
3586	PRESENT	-	-	PRESENT	round1 content match >=0.70
3587	UNCERTAIN	PARTIAL	0.60	DEFERRED	PARTIAL/uncertain; needs per-PR review
3588	PRESENT	-	-	PRESENT	round1 content match >=0.70
3593	PRESENT	-	-	PRESENT	round1 content match >=0.70
3596	NO_SIGNAL	PRESENT	1.00	DEFERRED	PARTIAL/uncertain; needs per-PR review
3598	PRESENT	-	-	PRESENT	round1 content match >=0.70
3609	PRESENT	-	-	PRESENT	round1 content match >=0.70
3612	PRESENT	-	-	PRESENT	round1 content match >=0.70
3614	PRESENT	-	-	PRESENT	round1 content match >=0.70
3615	ABSENT	ABSENT	0.19	DEFERRED	usage IP geolocation; collides with fork usage-IP privacy divergence
3622	PRESENT	-	-	PRESENT	round1 content match >=0.70
3626	PRESENT	-	-	PRESENT	round1 content match >=0.70
3627	PRESENT	-	-	PRESENT	round1 content match >=0.70
3630	PRESENT	-	-	PRESENT	round1 content match >=0.70
3635	PRESENT	-	-	PRESENT	round1 content match >=0.70
3638	PRESENT	-	-	PRESENT	round1 content match >=0.70
3641	PRESENT	-	-	PRESENT	round1 content match >=0.70
3642	PRESENT	-	-	PRESENT	round1 content match >=0.70
3643	PRESENT	-	-	PRESENT	round1 content match >=0.70
3645	PRESENT	-	-	PRESENT	round1 content match >=0.70
3657	PRESENT	-	-	PRESENT	round1 content match >=0.70
3659	PRESENT	-	-	PRESENT	round1 content match >=0.70
3661	PRESENT	-	-	PRESENT	round1 content match >=0.70
3670	PRESENT	-	-	PRESENT	round1 content match >=0.70
3673	PRESENT	-	-	PRESENT	round1 content match >=0.70
3675	PRESENT	-	-	PRESENT	round1 content match >=0.70
3676	PRESENT	-	-	PRESENT	round1 content match >=0.70
3684	PRESENT	-	-	PRESENT	round1 content match >=0.70
3685	PRESENT	-	-	PRESENT	round1 content match >=0.70
3689	ABSENT	PARTIAL	0.32	DEFERRED	PARTIAL/uncertain; needs per-PR review
3690	UNCERTAIN	PARTIAL	0.70	DEFERRED	PARTIAL/uncertain; needs per-PR review
3692	PRESENT	-	-	PRESENT	round1 content match >=0.70
3694	PRESENT	-	-	PRESENT	round1 content match >=0.70
3696	PRESENT	-	-	PRESENT	round1 content match >=0.70
3698	PRESENT	-	-	PRESENT	round1 content match >=0.70
3699	PRESENT	-	-	PRESENT	round1 content match >=0.70
3704	PRESENT	-	-	PRESENT	round1 content match >=0.70
3708	ABSENT	PARTIAL	0.56	DEFERRED	PARTIAL/uncertain; needs per-PR review
3714	PRESENT	-	-	PRESENT	round1 content match >=0.70
3716	PRESENT	-	-	PRESENT	round1 content match >=0.70
3717	PRESENT	-	-	PRESENT	round1 content match >=0.70
3718	ABSENT	ABSENT	0.17	PRESENT	target symbol already in main (reformulated implementation)
3721	PRESENT	-	-	PRESENT	round1 content match >=0.70
3729	PRESENT	-	-	PRESENT	round1 content match >=0.70
3734	PRESENT	-	-	PRESENT	round1 content match >=0.70
3737	PRESENT	-	-	PRESENT	round1 content match >=0.70
3738	UNCERTAIN	PARTIAL	0.60	DEFERRED	PARTIAL/uncertain; needs per-PR review
3739	PRESENT	-	-	PRESENT	round1 content match >=0.70
3744	PRESENT	-	-	PRESENT	round1 content match >=0.70
3747	ABSENT	ABSENT	0.03	NO_OP	revert of #3738 which is not in main either
3749	UNCERTAIN	PARTIAL	0.36	DEFERRED	PARTIAL/uncertain; needs per-PR review
3751	PRESENT	-	-	PRESENT	round1 content match >=0.70
3755	PRESENT	-	-	PRESENT	round1 content match >=0.70
3758	UNCERTAIN	PARTIAL	0.60	DEFERRED	PARTIAL/uncertain; needs per-PR review
3759	PRESENT	-	-	PRESENT	round1 content match >=0.70
3760	PRESENT	-	-	PRESENT	round1 content match >=0.70
3761	PRESENT	-	-	PRESENT	round1 content match >=0.70
3762	PRESENT	-	-	PRESENT	round1 content match >=0.70
3767	PRESENT	-	-	PRESENT	round1 content match >=0.70
3769	NO_SIGNAL	ABSENT	0.00	SUPERSEDED	xlsx audit exception already renewed on main
3771	PRESENT	-	-	PRESENT	round1 content match >=0.70
3774	PRESENT	-	-	PRESENT	round1 content match >=0.70
3775	PRESENT	-	-	PRESENT	round1 content match >=0.70
3776	PRESENT	-	-	PRESENT	round1 content match >=0.70
3778	PRESENT	-	-	PRESENT	round1 content match >=0.70
3780	PRESENT	-	-	PRESENT	round1 content match >=0.70
3781	PRESENT	-	-	PRESENT	round1 content match >=0.70
3786	PRESENT	-	-	PRESENT	round1 content match >=0.70
3788	PRESENT	-	-	PRESENT	round1 content match >=0.70
3793	PRESENT	-	-	PRESENT	round1 content match >=0.70
3794	PRESENT	-	-	PRESENT	round1 content match >=0.70
3795	PRESENT	-	-	PRESENT	round1 content match >=0.70
3800	PRESENT	-	-	PRESENT	round1 content match >=0.70
3802	PRESENT	-	-	PRESENT	round1 content match >=0.70
3803	PRESENT	-	-	PRESENT	round1 content match >=0.70
3804	PRESENT	-	-	PRESENT	round1 content match >=0.70
3807	PRESENT	-	-	PRESENT	round1 content match >=0.70
3809	PRESENT	-	-	PRESENT	round1 content match >=0.70
3811	PRESENT	-	-	PRESENT	round1 content match >=0.70
3812	PRESENT	-	-	PRESENT	round1 content match >=0.70
3813	NO_SIGNAL	PRESENT	1.00	DEFERRED	PARTIAL/uncertain; needs per-PR review
3816	PRESENT	-	-	PRESENT	round1 content match >=0.70
3822	PRESENT	-	-	PRESENT	round1 content match >=0.70
3824	PRESENT	-	-	PRESENT	round1 content match >=0.70
3833	PRESENT	-	-	PRESENT	round1 content match >=0.70
3836	PRESENT	-	-	PRESENT	round1 content match >=0.70
3840	PRESENT	-	-	PRESENT	round1 content match >=0.70
3841	PRESENT	-	-	PRESENT	round1 content match >=0.70
3843	PRESENT	-	-	PRESENT	round1 content match >=0.70
3845	PRESENT	-	-	PRESENT	round1 content match >=0.70
3846	NO_SIGNAL	ABSENT	0.00	SUPERSEDED	Go toolchain PR; main already on go1.27.0 - merging would downgrade
3847	PRESENT	-	-	PRESENT	round1 content match >=0.70
3851	PRESENT	-	-	PRESENT	round1 content match >=0.70
3853	PRESENT	-	-	PRESENT	round1 content match >=0.70
3855	PRESENT	-	-	PRESENT	round1 content match >=0.70
3859	PRESENT	-	-	PRESENT	round1 content match >=0.70
3864	PRESENT	-	-	PRESENT	round1 content match >=0.70
3867	PRESENT	-	-	PRESENT	round1 content match >=0.70
3868	PRESENT	-	-	PRESENT	round1 content match >=0.70
3869	PRESENT	-	-	PRESENT	round1 content match >=0.70
3870	UNCERTAIN	PARTIAL	0.73	DEFERRED	PARTIAL/uncertain; needs per-PR review
3873	PRESENT	-	-	PRESENT	round1 content match >=0.70
3880	PRESENT	-	-	PRESENT	round1 content match >=0.70
3881	PRESENT	-	-	PRESENT	round1 content match >=0.70
3883	PRESENT	-	-	PRESENT	round1 content match >=0.70
3884	PRESENT	-	-	PRESENT	round1 content match >=0.70
3898	PRESENT	-	-	PRESENT	round1 content match >=0.70
3905	UNCERTAIN	PARTIAL	0.50	DEFERRED	PARTIAL/uncertain; needs per-PR review
3906	PRESENT	-	-	PRESENT	round1 content match >=0.70
3909	PRESENT	-	-	PRESENT	round1 content match >=0.70
3912	PRESENT	-	-	PRESENT	round1 content match >=0.70
3913	PRESENT	-	-	PRESENT	round1 content match >=0.70
3916	PRESENT	-	-	PRESENT	round1 content match >=0.70
3922	PRESENT	-	-	PRESENT	round1 content match >=0.70
3926	PRESENT	-	-	PRESENT	round1 content match >=0.70
3941	PRESENT	-	-	PRESENT	round1 content match >=0.70
3948	PRESENT	-	-	PRESENT	round1 content match >=0.70
3953	PRESENT	-	-	PRESENT	round1 content match >=0.70
3969	PRESENT	-	-	PRESENT	round1 content match >=0.70
3971	PRESENT	-	-	PRESENT	round1 content match >=0.70
3984	UNCERTAIN	PARTIAL	0.54	DEFERRED	PARTIAL/uncertain; needs per-PR review
3989	PRESENT	-	-	PRESENT	round1 content match >=0.70
3991	PRESENT	-	-	PRESENT	round1 content match >=0.70
3994	UNCERTAIN	PRESENT	1.00	DEFERRED	PARTIAL/uncertain; needs per-PR review
3997	PRESENT	-	-	PRESENT	round1 content match >=0.70
4003	PRESENT	-	-	PRESENT	round1 content match >=0.70
4005	PRESENT	-	-	PRESENT	round1 content match >=0.70
4006	NO_SIGNAL	PRESENT	1.00	DEFERRED	PARTIAL/uncertain; needs per-PR review
4009	PRESENT	-	-	PRESENT	round1 content match >=0.70
4019	PRESENT	-	-	PRESENT	round1 content match >=0.70
4045	PRESENT	-	-	PRESENT	round1 content match >=0.70
4048	PRESENT	-	-	PRESENT	round1 content match >=0.70
4049	PRESENT	-	-	PRESENT	round1 content match >=0.70
4050	PRESENT	-	-	PRESENT	round1 content match >=0.70
4053	PRESENT	-	-	PRESENT	round1 content match >=0.70
4055	PRESENT	-	-	PRESENT	round1 content match >=0.70
4057	PRESENT	-	-	PRESENT	round1 content match >=0.70
4059	PRESENT	-	-	PRESENT	round1 content match >=0.70
4060	PRESENT	-	-	PRESENT	round1 content match >=0.70
4063	PRESENT	-	-	PRESENT	round1 content match >=0.70
4072	PRESENT	-	-	PRESENT	round1 content match >=0.70
4075	UNCERTAIN	PARTIAL	0.60	DEFERRED	PARTIAL/uncertain; needs per-PR review
4082	PRESENT	-	-	PRESENT	round1 content match >=0.70
4104	PRESENT	-	-	PRESENT	round1 content match >=0.70
4108	PRESENT	-	-	PRESENT	round1 content match >=0.70
4110	PRESENT	-	-	PRESENT	round1 content match >=0.70
4115	PRESENT	-	-	PRESENT	round1 content match >=0.70
4116	PRESENT	-	-	PRESENT	round1 content match >=0.70
4118	PRESENT	-	-	PRESENT	round1 content match >=0.70
4125	NO_SIGNAL	ABSENT	0.15	DEFERRED	Apple container / macos-15 CI support; infra scope
4130	UNCERTAIN	PARTIAL	0.54	DEFERRED	PARTIAL/uncertain; needs per-PR review
4134	PRESENT	-	-	PRESENT	round1 content match >=0.70
4138	PRESENT	-	-	PRESENT	round1 content match >=0.70
4139	PRESENT	-	-	PRESENT	round1 content match >=0.70
4142	PRESENT	-	-	PRESENT	round1 content match >=0.70
4143	PRESENT	-	-	PRESENT	round1 content match >=0.70
4148	PRESENT	-	-	PRESENT	round1 content match >=0.70
4150	PRESENT	-	-	PRESENT	round1 content match >=0.70
4154	PRESENT	-	-	PRESENT	round1 content match >=0.70
4161	PRESENT	-	-	PRESENT	round1 content match >=0.70
4162	PRESENT	-	-	PRESENT	round1 content match >=0.70
4163	PRESENT	-	-	PRESENT	round1 content match >=0.70
4169	PRESENT	-	-	PRESENT	round1 content match >=0.70
4173	UNCERTAIN	PRESENT	0.76	DEFERRED	PARTIAL/uncertain; needs per-PR review
4179	PRESENT	-	-	PRESENT	round1 content match >=0.70
4180	PRESENT	-	-	PRESENT	round1 content match >=0.70
4188	PRESENT	-	-	PRESENT	round1 content match >=0.70
4203	PRESENT	-	-	PRESENT	round1 content match >=0.70
4204	PRESENT	-	-	PRESENT	round1 content match >=0.70
4205	PRESENT	-	-	PRESENT	round1 content match >=0.70
4206	PRESENT	-	-	PRESENT	round1 content match >=0.70
4207	PRESENT	-	-	PRESENT	round1 content match >=0.70
4212	PRESENT	-	-	PRESENT	round1 content match >=0.70
4214	PRESENT	-	-	PRESENT	round1 content match >=0.70
4216	PRESENT	-	-	PRESENT	round1 content match >=0.70
4217	PRESENT	-	-	PRESENT	round1 content match >=0.70
4218	PRESENT	-	-	PRESENT	round1 content match >=0.70
4219	PRESENT	-	-	PRESENT	round1 content match >=0.70
4221	PRESENT	-	-	PRESENT	round1 content match >=0.70
4225	PRESENT	-	-	PRESENT	round1 content match >=0.70
4231	PRESENT	-	-	PRESENT	round1 content match >=0.70
4238	PRESENT	-	-	PRESENT	round1 content match >=0.70
4239	PRESENT	-	-	PRESENT	round1 content match >=0.70
4240	PRESENT	-	-	PRESENT	round1 content match >=0.70
4241	PRESENT	-	-	PRESENT	round1 content match >=0.70
4262	PRESENT	-	-	PRESENT	round1 content match >=0.70
4264	PRESENT	-	-	PRESENT	round1 content match >=0.70
4266	PRESENT	-	-	PRESENT	round1 content match >=0.70
4269	PRESENT	-	-	PRESENT	round1 content match >=0.70
4271	PRESENT	-	-	PRESENT	round1 content match >=0.70
4274	PRESENT	-	-	PRESENT	round1 content match >=0.70
4275	PRESENT	-	-	PRESENT	round1 content match >=0.70
4279	PRESENT	-	-	PRESENT	round1 content match >=0.70
4280	PRESENT	-	-	PRESENT	round1 content match >=0.70
4281	PRESENT	-	-	PRESENT	round1 content match >=0.70
4282	PRESENT	-	-	PRESENT	round1 content match >=0.70
4284	PRESENT	-	-	PRESENT	round1 content match >=0.70
4288	PRESENT	-	-	PRESENT	round1 content match >=0.70
4289	PRESENT	-	-	PRESENT	round1 content match >=0.70
4290	PRESENT	-	-	PRESENT	round1 content match >=0.70
4291	PRESENT	-	-	PRESENT	round1 content match >=0.70
4294	PRESENT	-	-	PRESENT	round1 content match >=0.70
4295	PRESENT	-	-	PRESENT	round1 content match >=0.70
4296	PRESENT	-	-	PRESENT	round1 content match >=0.70
4297	PRESENT	-	-	PRESENT	round1 content match >=0.70
4298	PRESENT	-	-	PRESENT	round1 content match >=0.70
4299	PRESENT	-	-	PRESENT	round1 content match >=0.70
4300	PRESENT	-	-	PRESENT	round1 content match >=0.70
4303	PRESENT	-	-	PRESENT	round1 content match >=0.70
4304	PRESENT	-	-	PRESENT	round1 content match >=0.70
4305	PRESENT	-	-	PRESENT	round1 content match >=0.70
4306	PRESENT	-	-	PRESENT	round1 content match >=0.70
4307	PRESENT	-	-	PRESENT	round1 content match >=0.70
4310	PRESENT	-	-	PRESENT	round1 content match >=0.70
4311	PRESENT	-	-	PRESENT	round1 content match >=0.70
4313	PRESENT	-	-	PRESENT	round1 content match >=0.70
4316	PRESENT	-	-	PRESENT	round1 content match >=0.70
4317	PRESENT	-	-	PRESENT	round1 content match >=0.70
4319	ABSENT	PARTIAL	0.60	DEFERRED	PARTIAL/uncertain; needs per-PR review
4323	PRESENT	-	-	PRESENT	round1 content match >=0.70
4324	PRESENT	-	-	PRESENT	round1 content match >=0.70
4333	PRESENT	-	-	PRESENT	round1 content match >=0.70
4334	PRESENT	-	-	PRESENT	round1 content match >=0.70
4339	PRESENT	-	-	PRESENT	round1 content match >=0.70
4340	PRESENT	-	-	PRESENT	round1 content match >=0.70
4341	PRESENT	-	-	PRESENT	round1 content match >=0.70
4346	PRESENT	-	-	PRESENT	round1 content match >=0.70
4358	PRESENT	-	-	PRESENT	round1 content match >=0.70
4359	PRESENT	-	-	PRESENT	round1 content match >=0.70
4367	PRESENT	-	-	PRESENT	round1 content match >=0.70
4369	PRESENT	-	-	PRESENT	round1 content match >=0.70
4376	PRESENT	-	-	PRESENT	round1 content match >=0.70
4377	PRESENT	-	-	PRESENT	round1 content match >=0.70
4379	PRESENT	-	-	PRESENT	round1 content match >=0.70
4380	PRESENT	-	-	PRESENT	round1 content match >=0.70
4381	PRESENT	-	-	PRESENT	round1 content match >=0.70
4382	PRESENT	-	-	PRESENT	round1 content match >=0.70
4384	UNCERTAIN	PARTIAL	0.72	DEFERRED	PARTIAL/uncertain; needs per-PR review
4385	PRESENT	-	-	PRESENT	round1 content match >=0.70
4387	PRESENT	-	-	PRESENT	round1 content match >=0.70
4392	PRESENT	-	-	PRESENT	round1 content match >=0.70
4393	PRESENT	-	-	PRESENT	round1 content match >=0.70
4394	PRESENT	-	-	PRESENT	round1 content match >=0.70
4395	PRESENT	-	-	PRESENT	round1 content match >=0.70
4396	PRESENT	-	-	PRESENT	round1 content match >=0.70
4400	PRESENT	-	-	PRESENT	round1 content match >=0.70
4402	PRESENT	-	-	PRESENT	round1 content match >=0.70
4404	UNCERTAIN	PARTIAL	0.40	DEFERRED	PARTIAL/uncertain; needs per-PR review
4418	PRESENT	-	-	PRESENT	round1 content match >=0.70
4424	PRESENT	-	-	PRESENT	round1 content match >=0.70
4425	PRESENT	-	-	PRESENT	round1 content match >=0.70
4427	PRESENT	-	-	PRESENT	round1 content match >=0.70
4428	PRESENT	-	-	PRESENT	round1 content match >=0.70
4429	PRESENT	-	-	PRESENT	round1 content match >=0.70
4430	PRESENT	-	-	PRESENT	round1 content match >=0.70
4431	PRESENT	-	-	PRESENT	round1 content match >=0.70
4433	PRESENT	-	-	PRESENT	round1 content match >=0.70
4434	PRESENT	-	-	PRESENT	round1 content match >=0.70
4435	UNCERTAIN	PARTIAL	0.60	DEFERRED	PARTIAL/uncertain; needs per-PR review
4450	PRESENT	-	-	PRESENT	round1 content match >=0.70
4451	PRESENT	-	-	PRESENT	round1 content match >=0.70
4459	PRESENT	-	-	PRESENT	round1 content match >=0.70
4461	PRESENT	-	-	PRESENT	round1 content match >=0.70
4462	PRESENT	-	-	PRESENT	round1 content match >=0.70
4468	PRESENT	-	-	PRESENT	round1 content match >=0.70
4474	PRESENT	-	-	PRESENT	round1 content match >=0.70
4478	PRESENT	-	-	PRESENT	round1 content match >=0.70
4479	PRESENT	-	-	PRESENT	round1 content match >=0.70
4481	PRESENT	-	-	PRESENT	round1 content match >=0.70
4484	PRESENT	-	-	PRESENT	round1 content match >=0.70
4485	PRESENT	-	-	PRESENT	round1 content match >=0.70
4489	PRESENT	-	-	PRESENT	round1 content match >=0.70
4496	PRESENT	-	-	PRESENT	round1 content match >=0.70
4497	PRESENT	-	-	PRESENT	round1 content match >=0.70
4505	PRESENT	-	-	PRESENT	round1 content match >=0.70
4506	NO_SIGNAL	PRESENT	1.00	DEFERRED	PARTIAL/uncertain; needs per-PR review
4507	NO_SIGNAL	PRESENT	1.00	DEFERRED	PARTIAL/uncertain; needs per-PR review
4508	PRESENT	-	-	PRESENT	round1 content match >=0.70
4515	PRESENT	-	-	PRESENT	round1 content match >=0.70
4517	PRESENT	-	-	PRESENT	round1 content match >=0.70
4520	PRESENT	-	-	PRESENT	round1 content match >=0.70
4522	PRESENT	-	-	PRESENT	round1 content match >=0.70
4526	PRESENT	-	-	PRESENT	round1 content match >=0.70
4528	PRESENT	-	-	PRESENT	round1 content match >=0.70
4537	PRESENT	-	-	PRESENT	round1 content match >=0.70
4539	PRESENT	-	-	PRESENT	round1 content match >=0.70
4540	PRESENT	-	-	PRESENT	round1 content match >=0.70
4541	PRESENT	-	-	PRESENT	round1 content match >=0.70
4543	PRESENT	-	-	PRESENT	round1 content match >=0.70
4547	PRESENT	-	-	PRESENT	round1 content match >=0.70
4553	PRESENT	-	-	PRESENT	round1 content match >=0.70
4556	UNCERTAIN	PARTIAL	0.72	DEFERRED	PARTIAL/uncertain; needs per-PR review
4558	PRESENT	-	-	PRESENT	round1 content match >=0.70
4565	PRESENT	-	-	PRESENT	round1 content match >=0.70
4569	PRESENT	-	-	PRESENT	round1 content match >=0.70
4570	PRESENT	-	-	PRESENT	round1 content match >=0.70
4571	PRESENT	-	-	PRESENT	round1 content match >=0.70
4572	PRESENT	-	-	PRESENT	round1 content match >=0.70
4573	PRESENT	-	-	PRESENT	round1 content match >=0.70
4574	UNCERTAIN	PARTIAL	0.69	DEFERRED	PARTIAL/uncertain; needs per-PR review
4575	ABSENT	PARTIAL	0.37	DEFERRED	PARTIAL/uncertain; needs per-PR review
4581	ABSENT	ABSENT	0.12	MERGED	genuinely absent; cherry-picked this round
4583	PRESENT	-	-	PRESENT	round1 content match >=0.70
4585	PRESENT	-	-	PRESENT	round1 content match >=0.70
4587	NO_SIGNAL	PRESENT	1.00	DEFERRED	PARTIAL/uncertain; needs per-PR review
4588	NO_SIGNAL	PRESENT	1.00	DEFERRED	PARTIAL/uncertain; needs per-PR review
4589	PRESENT	-	-	PRESENT	round1 content match >=0.70
4590	PRESENT	-	-	PRESENT	round1 content match >=0.70
4591	PRESENT	-	-	PRESENT	round1 content match >=0.70
4595	PRESENT	-	-	PRESENT	round1 content match >=0.70
4601	PRESENT	-	-	PRESENT	round1 content match >=0.70
4602	PRESENT	-	-	PRESENT	round1 content match >=0.70
4604	PRESENT	-	-	PRESENT	round1 content match >=0.70
4606	PRESENT	-	-	PRESENT	round1 content match >=0.70
4611	PRESENT	-	-	PRESENT	round1 content match >=0.70
4612	PRESENT	-	-	PRESENT	round1 content match >=0.70
4614	PRESENT	-	-	PRESENT	round1 content match >=0.70
4616	PRESENT	-	-	PRESENT	round1 content match >=0.70
4617	PRESENT	-	-	PRESENT	round1 content match >=0.70
4618	PRESENT	-	-	PRESENT	round1 content match >=0.70
4619	PRESENT	-	-	PRESENT	round1 content match >=0.70
4620	PRESENT	-	-	PRESENT	round1 content match >=0.70
4625	PRESENT	-	-	PRESENT	round1 content match >=0.70
4626	PRESENT	-	-	PRESENT	round1 content match >=0.70
4629	PRESENT	-	-	PRESENT	round1 content match >=0.70
4630	PRESENT	-	-	PRESENT	round1 content match >=0.70
4638	PRESENT	-	-	PRESENT	round1 content match >=0.70
4641	PRESENT	-	-	PRESENT	round1 content match >=0.70
4645	PRESENT	-	-	PRESENT	round1 content match >=0.70
4648	PRESENT	-	-	PRESENT	round1 content match >=0.70
4649	PRESENT	-	-	PRESENT	round1 content match >=0.70
4650	PRESENT	-	-	PRESENT	round1 content match >=0.70
4652	PRESENT	-	-	PRESENT	round1 content match >=0.70
4654	NO_SIGNAL	PRESENT	1.00	DEFERRED	PARTIAL/uncertain; needs per-PR review
4657	PRESENT	-	-	PRESENT	round1 content match >=0.70
4658	PRESENT	-	-	PRESENT	round1 content match >=0.70
4659	PRESENT	-	-	PRESENT	round1 content match >=0.70
4660	PRESENT	-	-	PRESENT	round1 content match >=0.70
4661	PRESENT	-	-	PRESENT	round1 content match >=0.70
4662	PRESENT	-	-	PRESENT	round1 content match >=0.70
4664	PRESENT	-	-	PRESENT	round1 content match >=0.70
4666	PRESENT	-	-	PRESENT	round1 content match >=0.70
4667	PRESENT	-	-	PRESENT	round1 content match >=0.70
4670	PRESENT	-	-	PRESENT	round1 content match >=0.70
4671	PRESENT	-	-	PRESENT	round1 content match >=0.70
4674	PRESENT	-	-	PRESENT	round1 content match >=0.70
4676	PRESENT	-	-	PRESENT	round1 content match >=0.70
4679	PRESENT	-	-	PRESENT	round1 content match >=0.70
4684	PRESENT	-	-	PRESENT	round1 content match >=0.70
4689	NO_SIGNAL	PRESENT	1.00	DEFERRED	PARTIAL/uncertain; needs per-PR review
4696	PRESENT	-	-	PRESENT	round1 content match >=0.70
4697	PRESENT	-	-	PRESENT	round1 content match >=0.70
4700	PRESENT	-	-	PRESENT	round1 content match >=0.70
4701	UNCERTAIN	PARTIAL	0.70	DEFERRED	PARTIAL/uncertain; needs per-PR review
4709	PRESENT	-	-	PRESENT	round1 content match >=0.70
4716	PRESENT	-	-	PRESENT	round1 content match >=0.70
4719	PRESENT	-	-	PRESENT	round1 content match >=0.70
4893	PRESENT	-	-	PRESENT	round1 content match >=0.70
4953	PRESENT	-	-	PRESENT	round1 content match >=0.70
4983	PRESENT	-	-	PRESENT	round1 content match >=0.70
5117	PRESENT	-	-	PRESENT	round1 content match >=0.70
5226	PRESENT	-	-	PRESENT	round1 content match >=0.70
5395	UNCERTAIN	PARTIAL	0.40	DEFERRED	PARTIAL/uncertain; needs per-PR review
5567	PRESENT	-	-	PRESENT	round1 content match >=0.70
5581	PRESENT	-	-	PRESENT	round1 content match >=0.70
5609	PRESENT	-	-	PRESENT	round1 content match >=0.70
5620	ABSENT	ABSENT	0.21	MERGED	genuinely absent; cherry-picked this round
5623	UNCERTAIN	ABSENT	0.24	DEFERRED	partial; needs per-file review
5636	NO_SIGNAL	PRESENT	1.00	DEFERRED	PARTIAL/uncertain; needs per-PR review
5661	PRESENT	-	-	PRESENT	round1 content match >=0.70
5666	PRESENT	-	-	PRESENT	round1 content match >=0.70
5668	PRESENT	-	-	PRESENT	round1 content match >=0.70
5669	PRESENT	-	-	PRESENT	round1 content match >=0.70
5690	NO_SIGNAL	ABSENT	0.00	SUPERSEDED	Go toolchain PR; main already on go1.27.0 - merging would downgrade
5697	PRESENT	-	-	PRESENT	round1 content match >=0.70
5703	PRESENT	-	-	PRESENT	round1 content match >=0.70
5711	PRESENT	-	-	PRESENT	round1 content match >=0.70
5712	PRESENT	-	-	PRESENT	round1 content match >=0.70
5714	PRESENT	-	-	PRESENT	round1 content match >=0.70
5715	PRESENT	-	-	PRESENT	round1 content match >=0.70
5716	PRESENT	-	-	PRESENT	round1 content match >=0.70
5720	PRESENT	-	-	PRESENT	round1 content match >=0.70
5725	PRESENT	-	-	PRESENT	round1 content match >=0.70
5729	PRESENT	-	-	PRESENT	round1 content match >=0.70
5730	PRESENT	-	-	PRESENT	round1 content match >=0.70
5737	PRESENT	-	-	PRESENT	round1 content match >=0.70
5738	PRESENT	-	-	PRESENT	round1 content match >=0.70
5742	PRESENT	-	-	PRESENT	round1 content match >=0.70
5749	NO_SIGNAL	EMPTY_DIFF		DEFERRED	PARTIAL/uncertain; needs per-PR review
5755	PRESENT	-	-	PRESENT	round1 content match >=0.70
5759	PRESENT	-	-	PRESENT	round1 content match >=0.70
5760	PRESENT	-	-	PRESENT	round1 content match >=0.70
5762	PRESENT	-	-	PRESENT	round1 content match >=0.70
5764	PRESENT	-	-	PRESENT	round1 content match >=0.70
5765	PRESENT	-	-	PRESENT	round1 content match >=0.70
5767	PRESENT	-	-	PRESENT	round1 content match >=0.70
5773	PRESENT	-	-	PRESENT	round1 content match >=0.70
5780	PRESENT	-	-	PRESENT	round1 content match >=0.70
5782	PRESENT	-	-	PRESENT	round1 content match >=0.70
5794	NO_SIGNAL	PRESENT	1.00	DEFERRED	PARTIAL/uncertain; needs per-PR review
5801	PRESENT	-	-	PRESENT	round1 content match >=0.70
5810	PRESENT	-	-	PRESENT	round1 content match >=0.70
5815	PRESENT	-	-	PRESENT	round1 content match >=0.70
5816	PRESENT	-	-	PRESENT	round1 content match >=0.70
5817	PRESENT	-	-	PRESENT	round1 content match >=0.70
5822	PRESENT	-	-	PRESENT	round1 content match >=0.70
5837	PRESENT	-	-	PRESENT	round1 content match >=0.70
5839	PRESENT	-	-	PRESENT	round1 content match >=0.70
5844	PRESENT	-	-	PRESENT	round1 content match >=0.70
5845	PRESENT	-	-	PRESENT	round1 content match >=0.70
5847	PRESENT	-	-	PRESENT	round1 content match >=0.70
5926	ABSENT	PARTIAL	0.36	MERGED	genuinely absent; cherry-picked this round
6065	UNCERTAIN	PARTIAL	0.57	DEFERRED	PARTIAL/uncertain; needs per-PR review
6188	ABSENT	ABSENT	0.14	MERGED	genuinely absent; cherry-picked this round
6200	UNCERTAIN	PARTIAL	0.37	DEFERRED	PARTIAL/uncertain; needs per-PR review
